{
  "scale" : 0.5002892,
  "baseX" : 0.5089463,
  "baseY" : 0.9890753
}