{
  "scale" : 0.5726516,
  "baseX" : 0.4784314,
  "baseY" : 1.144124
}