{
  "scale" : 0.5728835,
  "baseX" : 0.4784314,
  "baseY" : 1.144124
}