{
  "scale" : 0.5948414,
  "baseX" : 0.3231005,
  "baseY" : 0.9754413
}