{
  "scale" : 1.282548,
  "baseX" : 0.4981993,
  "baseY" : 0.9657021
}