{
  "scale" : 0.5097133,
  "baseX" : 0.6006969,
  "baseY" : 0.9952969
}