{
  "scale" : 0.509649,
  "baseX" : 0.6006969,
  "baseY" : 0.9952969
}