{
  "scale" : 0.9807406,
  "baseX" : 0.7412577,
  "baseY" : 0.9837918
}