{
  "scale" : 0.5002905,
  "baseX" : 0.6653543,
  "baseY" : 0.9880412
}