{
  "scale" : 0.5692619,
  "baseX" : 0.3748802,
  "baseY" : 0.973704
}