{
  "scale" : 0.6659705,
  "baseX" : 0.518063,
  "baseY" : 0.9792746
}