{
  "scale" : 0.5002908,
  "baseX" : 0.5464743,
  "baseY" : 0.9880952
}