{
  "scale" : 0.5281661,
  "baseX" : 0.7077799,
  "baseY" : 1.372206
}