{
  "scale" : 1.286739,
  "baseX" : 0.5397136,
  "baseY" : 0.9896247
}