{
  "scale" : 1.286613,
  "baseX" : 0.8520239,
  "baseY" : 0.9893228
}