{
  "scale" : 0.6865048,
  "baseX" : 0.3622589,
  "baseY" : 0.9754562
}