{
  "scale" : 0.3516218,
  "baseX" : 0.6103139,
  "baseY" : 1.035144
}