{
  "scale" : 0.5520605,
  "baseX" : 0.5866085,
  "baseY" : 0.9771627
}