{
  "scale" : 0.552048,
  "baseX" : 0.5866085,
  "baseY" : 0.9771627
}