{
  "scale" : 0.5521163,
  "baseX" : 0.5866085,
  "baseY" : 0.9752917
}