{
  "scale" : 0.6676385,
  "baseX" : 0.3714661,
  "baseY" : 0.9617117
}