{
  "scale" : 0.5778991999999999,
  "baseX" : 0.3381555,
  "baseY" : 0.9784423
}