{
  "scale" : 0.4993755,
  "baseX" : 0.7831978,
  "baseY" : 1.310717
}