{
  "scale" : 0.497869,
  "baseX" : 0.5862394,
  "baseY" : 1.303517
}