{
  "scale" : 0.4992157,
  "baseX" : 0.5934959,
  "baseY" : 1.298084
}