{
  "scale" : 0.4521971,
  "baseX" : 0.6096904,
  "baseY" : 1.035144
}