{
  "scale" : 0.4827189,
  "baseX" : 0.3467262,
  "baseY" : 0.9793246
}