{
  "scale" : 0.498772,
  "baseX" : 0.3604167,
  "baseY" : 0.9556451
}