{
  "scale" : 2.64524,
  "baseX" : 0.8498339,
  "baseY" : 0.9858978
}