{
  "scale" : 0.6302356,
  "baseX" : 0.4613221,
  "baseY" : 0.9738717
}