{
  "scale" : 0.4965652,
  "baseX" : 0.1081818,
  "baseY" : 0.9612531
}