{
  "scale" : 0.4965502,
  "baseX" : 0.1433467,
  "baseY" : 0.950517
}