{
  "scale" : 0.4965676,
  "baseX" : 0.4564103,
  "baseY" : 0.984841
}