{
  "scale" : 0.4965718,
  "baseX" : 0.4808102,
  "baseY" : 0.9811105
}