{
  "scale" : 0.4965676,
  "baseX" : 0.656595,
  "baseY" : 0.9682081
}