{
  "scale" : 0.4965525,
  "baseX" : 0.3491084,
  "baseY" : 0.9675037
}