{
  "scale" : 0.9399756,
  "baseX" : 0.4704814,
  "baseY" : 0.9682875
}