{
  "scale" : 0.120766,
  "baseX" : 0.5,
  "baseY" : 0.9879357
}