{
  "scale" : 0.1211125,
  "baseX" : 0.5,
  "baseY" : 0.9879357
}