{
  "scale" : 0.1210069,
  "baseX" : 0.5,
  "baseY" : 0.9879357
}