{
  "scale" : 0.5559974,
  "baseX" : 0.3427857,
  "baseY" : 0.9786628
}