{
  "scale" : 0.5674798,
  "baseX" : 0.3214286,
  "baseY" : 0.9738024
}