{
  "scale" : 0.2815263,
  "baseX" : 0.373221,
  "baseY" : 0.9879236
}