{
  "scale" : 0.5,
  "baseX" : 0.4298323,
  "baseY" : 0.9846154
}