{
  "scale" : 0.4655432,
  "baseX" : 0.3033854,
  "baseY" : 0.9642857
}