{
  "scale" : 0.5108595,
  "baseX" : 0.4476048,
  "baseY" : 0.9918864
}