{
  "scale" : 0.66788,
  "baseX" : 0.6091841,
  "baseY" : 0.9832041
}