{
  "scale" : 0.5,
  "baseX" : 0.5377358,
  "baseY" : 0.9868026
}