{
  "scale" : 0.5,
  "baseX" : 0.3582273,
  "baseY" : 0.9772423
}