{
  "scale" : 0.2902373,
  "baseX" : 0.5540207,
  "baseY" : 0.9762887
}