{
  "scale" : 0.2890187,
  "baseX" : 0.4751111,
  "baseY" : 0.9832361
}