{
  "scale" : 0.2879873,
  "baseX" : 0.4934095,
  "baseY" : 0.9822909
}