{
  "scale" : 0.2903506,
  "baseX" : 0.514973,
  "baseY" : 0.9733821
}