{
  "scale" : 0.2903503,
  "baseX" : 0.8535032,
  "baseY" : 0.9910045
}