{
  "scale" : 0.4096236,
  "baseX" : 0.5639014,
  "baseY" : 0.971595
}