{
  "scale" : 0.409624,
  "baseX" : 0.5062814,
  "baseY" : 0.9564908
}