{
  "scale" : 0.4096239,
  "baseX" : 0.380049,
  "baseY" : 0.9702035
}