{
  "scale" : 0.4096241,
  "baseX" : 0.5268456,
  "baseY" : 0.9743402
}