{
  "scale" : 0.6239562,
  "baseX" : 0.3267375,
  "baseY" : 0.9863309
}