{
  "scale" : 0.5674861,
  "baseX" : 0.4736395,
  "baseY" : 0.9732143
}