{
  "scale" : 0.5263008,
  "baseX" : 0.3182303,
  "baseY" : 0.9908257
}