{
  "scale" : 0.5851769,
  "baseX" : 0.3754693,
  "baseY" : 0.9810479
}