{
  "scale" : 0.5851765,
  "baseX" : 0.6021324,
  "baseY" : 0.9843924
}