{
  "scale" : 0.5851772,
  "baseX" : 0.527921,
  "baseY" : 0.9853768
}