{
  "scale" : 0.5851774,
  "baseX" : 0.4893891,
  "baseY" : 0.9689082
}