{
  "scale" : 0.5851775,
  "baseX" : 0.8314654,
  "baseY" : 0.9879745
}