{
  "scale" : 0.5851765,
  "baseX" : 0.6205154,
  "baseY" : 0.9910314
}