{
  "scale" : 0.4096237,
  "baseX" : 0.3699566,
  "baseY" : 0.9701818
}