{
  "scale" : 0.4096237,
  "baseX" : 0.4806924,
  "baseY" : 0.9554917
}