{
  "scale" : 0.4096235,
  "baseX" : 0.5809312,
  "baseY" : 0.9730713
}