{
  "scale" : 0.4096241,
  "baseX" : 0.5276382,
  "baseY" : 0.974359
}