{
  "scale" : 0.4096243,
  "baseX" : 0.8234818,
  "baseY" : 0.9786451
}