{
  "scale" : 0.4096236,
  "baseX" : 0.6172718,
  "baseY" : 0.980292
}