{
  "scale" : 0.5137829,
  "baseX" : 0.3995381,
  "baseY" : 0.9724518
}