{
  "scale" : 0.6678723,
  "baseX" : 0.585721,
  "baseY" : 0.9825807
}