{
  "scale" : 0.6679006,
  "baseX" : 0.585721,
  "baseY" : 0.9825807
}