{
  "scale" : 0.667886,
  "baseX" : 0.585721,
  "baseY" : 0.9825807
}