{
  "scale" : 0.5068614,
  "baseX" : 0.3244504,
  "baseY" : 0.9750567
}