{
  "scale" : 0.9803519000000001,
  "baseX" : 0.4704433,
  "baseY" : 0.9707602
}