{
  "scale" : 0.5559971,
  "baseX" : 0.385214,
  "baseY" : 0.9779673
}