{
  "scale" : 0.5726516,
  "baseX" : 0.4780903,
  "baseY" : 1.209375
}