{
  "scale" : 0.5851769,
  "baseX" : 0.369119,
  "baseY" : 0.9810409
}