{
  "scale" : 0.5851772,
  "baseX" : 0.507136,
  "baseY" : 0.9669572
}