{
  "scale" : 0.5851765,
  "baseX" : 0.5823733,
  "baseY" : 0.9847357
}