{
  "scale" : 0.5851772,
  "baseX" : 0.5269746,
  "baseY" : 0.9857625
}