{
  "scale" : 0.5851765,
  "baseX" : 0.6212658,
  "baseY" : 0.9910381
}