{
  "scale" : 0.550293,
  "baseX" : 0.5540479,
  "baseY" : 0.9862249
}