{
  "scale" : 0.6119291,
  "baseX" : 0.5432653,
  "baseY" : 0.9912875
}