{
  "scale" : 0.6119518,
  "baseX" : 0.5432653,
  "baseY" : 0.9912875
}