{
  "scale" : 0.4740766,
  "baseX" : 0.580932,
  "baseY" : 0.97418
}