{
  "scale" : 0.4675048,
  "baseX" : 0.580932,
  "baseY" : 0.97418
}