{
  "scale" : 0.6069648,
  "baseX" : 0.4023546,
  "baseY" : 0.973749
}