{
  "scale" : 2.352627,
  "baseX" : 0.8229834,
  "baseY" : 0.688635
}