{
  "scale" : 0.5948429,
  "baseX" : 0.3299373,
  "baseY" : 0.9754413
}