{
  "scale" : 0.7120683,
  "baseX" : 0.4758621,
  "baseY" : 1.238267
}