{
  "scale" : 0.485137,
  "baseX" : 0.6624541,
  "baseY" : 0.9887091
}