{
  "scale" : 0.66764,
  "baseX" : 0.3588808,
  "baseY" : 0.8964311
}