{
  "scale" : 0.4096237,
  "baseX" : 0.5929978,
  "baseY" : 0.9737991
}