{
  "scale" : 0.4096238,
  "baseX" : 0.494171,
  "baseY" : 0.9562724
}