{
  "scale" : 0.4096234,
  "baseX" : 0.3057851,
  "baseY" : 0.9694101
}