{
  "scale" : 0.4113377,
  "baseX" : 0.5267559,
  "baseY" : 0.9736071
}