{
  "scale" : 0.4096243,
  "baseX" : 0.8228155,
  "baseY" : 0.9765052
}