{
  "scale" : 0.4096236,
  "baseX" : 0.6166667,
  "baseY" : 0.9802632
}