{
  "scale" : 0.4873182,
  "baseX" : 0.384844,
  "baseY" : 0.9669046
}