{
  "scale" : 5.148354,
  "baseX" : 0.5399002,
  "baseY" : 0.9807808
}