{
  "scale" : 5.147652,
  "baseX" : 0.8429119,
  "baseY" : 0.9807808
}