{
  "scale" : 0.8288736,
  "baseX" : 0.4965675,
  "baseY" : 0.9588972
}