{
  "scale" : 0.9807406,
  "baseX" : 0.7410802,
  "baseY" : 0.9475256
}