{
  "scale" : 0.4876937,
  "baseX" : 0.3820648,
  "baseY" : 0.987699
}