{
  "scale" : 0.5090500999999999,
  "baseX" : 0.5269608,
  "baseY" : 0.9788039
}