{
  "scale" : 0.4706048,
  "baseX" : 0.4882096,
  "baseY" : 0.9677602
}