{
  "scale" : 2.574224,
  "baseX" : 0.5418017,
  "baseY" : 0.9815264
}