{
  "scale" : 2.57389,
  "baseX" : 0.8572377,
  "baseY" : 0.9899206
}