{
  "scale" : 2.573826,
  "baseX" : 0.8572377,
  "baseY" : 0.9899144
}