{
  "scale" : 0.5468364,
  "baseX" : 0.4369104,
  "baseY" : 1.023466
}