{
  "scale" : 1.007584,
  "baseX" : 0.4958678,
  "baseY" : 0.9651036
}