{
  "scale" : 0.6069487,
  "baseX" : 0.3609467,
  "baseY" : 0.9737274
}