{
  "scale" : 0.5199637,
  "baseX" : 0.3267375,
  "baseY" : 0.9863309
}