{
  "scale" : 0.8499671,
  "baseX" : 0.563225,
  "baseY" : 1.068934
}