{
  "scale" : 0.8495907,
  "baseX" : 0.563225,
  "baseY" : 1.068934
}