{
  "scale" : 0.4873544,
  "baseX" : 0.4266943,
  "baseY" : 0.9660474
}