{
  "scale" : 0.5304306,
  "baseX" : 0.4935437,
  "baseY" : 0.970297
}