{
  "scale" : 0.6676429,
  "baseX" : 0.3625731,
  "baseY" : 0.8601637
}