{
  "scale" : 0.5263006,
  "baseX" : 0.434238,
  "baseY" : 0.9905905
}