{
  "scale" : 0.5780269,
  "baseX" : 0.3805066,
  "baseY" : 0.9771591
}