{
  "scale" : 0.4792452,
  "baseX" : 0.4633524,
  "baseY" : 0.9820391
}