{
  "scale" : 1.321259,
  "baseX" : 0.7079011,
  "baseY" : 0.9842371
}