{
  "scale" : 0.8288736,
  "baseX" : 0.4968553,
  "baseY" : 0.9588972
}