{
  "scale" : 0.5145237,
  "baseX" : 0.4755102,
  "baseY" : 0.976584
}