{
  "scale" : 0.649841,
  "baseX" : 0.4214527,
  "baseY" : 0.9497307
}