{
  "scale" : 0.6496239,
  "baseX" : 0.1666667,
  "baseY" : 0.9532019
}