{
  "scale" : 0.6504391,
  "baseX" : 0.60931,
  "baseY" : 0.9609236
}