{
  "scale" : 0.5002921,
  "baseX" : 0.6475827,
  "baseY" : 0.9884393
}