{
  "scale" : 0.5304291,
  "baseX" : 0.4340101,
  "baseY" : 0.9706267
}