{
  "scale" : 0.5304327,
  "baseX" : 0.3333333,
  "baseY" : 0.9688535
}