{
  "scale" : 0.5015048,
  "baseX" : 0.5354994,
  "baseY" : 0.9833866
}