{
  "scale" : 0.5028574,
  "baseX" : 0.7317949,
  "baseY" : 1.115491
}