{
  "scale" : 1.569018,
  "baseX" : 0.457971,
  "baseY" : 1.107018
}