{
  "scale" : 0.5591007,
  "baseX" : 0.3680885,
  "baseY" : 0.9763314
}