{
  "scale" : 0.4817647,
  "baseX" : 0.4104804,
  "baseY" : 1.188841
}