{
  "scale" : 0.9803519000000001,
  "baseX" : 0.4721879,
  "baseY" : 0.9912109
}