{
  "scale" : 0.4947039,
  "baseX" : 0.4775661,
  "baseY" : 1.0116
}