{
  "scale" : 0.5004616,
  "baseX" : 0.5585232,
  "baseY" : 0.9842474
}