{
  "scale" : 0.5010362,
  "baseX" : 0.4641927,
  "baseY" : 0.9851036
}