{
  "scale" : 0.5011479,
  "baseX" : 0.282204,
  "baseY" : 0.9829124
}