{
  "scale" : 0.5008845,
  "baseX" : 0.3377386,
  "baseY" : 0.9864952
}