{
  "scale" : 0.5010386999999999,
  "baseX" : 0.4729587,
  "baseY" : 0.9831278
}