{
  "scale" : 0.5010883,
  "baseX" : 0.4359119,
  "baseY" : 0.9852399
}