{
  "scale" : 0.501148,
  "baseX" : 0.6598101,
  "baseY" : 0.9848676
}