{
  "scale" : 0.4962717,
  "baseX" : 0.6557836,
  "baseY" : 0.9921203
}