{
  "scale" : 0.5108556,
  "baseX" : 0.4476831,
  "baseY" : 0.9905533
}