{
  "scale" : 2.574177,
  "baseX" : 0.5418017,
  "baseY" : 0.989612
}