{
  "scale" : 2.645818,
  "baseX" : 0.8277849,
  "baseY" : 0.9849859
}