{
  "scale" : 2.645242,
  "baseX" : 0.8337662,
  "baseY" : 0.9849906
}