{
  "scale" : 0.8706403,
  "baseX" : 0.5948718,
  "baseY" : 0.9746732
}