{
  "scale" : 0.8461843,
  "baseX" : 0.4987805,
  "baseY" : 1.068713
}