{
  "scale" : 0.6688925999999999,
  "baseX" : 0.4990357,
  "baseY" : 1.045323
}