{
  "scale" : 0.6688927,
  "baseX" : 0.8300221,
  "baseY" : 1.163825
}