{
  "scale" : 0.4948011,
  "baseX" : 0.648751,
  "baseY" : 0.9897246
}