{
  "scale" : 0.5026968000000001,
  "baseX" : 0.5430204,
  "baseY" : 0.9637513
}