{
  "scale" : 0.808509,
  "baseX" : 0.6185213,
  "baseY" : 1.038176
}