{
  "scale" : 0.6996847,
  "baseX" : 0.3412074,
  "baseY" : 0.9737516
}