{
  "scale" : 0.8085971,
  "baseX" : 0.4844268,
  "baseY" : 0.9066265
}