{
  "scale" : 0.4944521,
  "baseX" : 0.6320502,
  "baseY" : 0.9884217
}