{
  "scale" : 0.9635148,
  "baseX" : 0.6020642,
  "baseY" : 1.160093
}