{
  "scale" : 0.644886,
  "baseX" : 0.5165877,
  "baseY" : 2.134454
}