{
  "scale" : 0.6996902,
  "baseX" : 0.3446215,
  "baseY" : 0.9756098
}