{
  "scale" : 0.2901058,
  "baseX" : 0.4965675,
  "baseY" : 0.9588972
}