{
  "scale" : 0.5589952,
  "baseX" : 0.4579439,
  "baseY" : 0.973556
}