{
  "scale" : 0.5591120000000001,
  "baseX" : 0.2744565,
  "baseY" : 0.9763314
}