{
  "scale" : 0.5438349,
  "baseX" : 0.6366932,
  "baseY" : 0.9818608
}