{
  "scale" : 0.5224557,
  "baseX" : 0.6366932,
  "baseY" : 0.9818608
}