{
  "scale" : 0.4811291,
  "baseX" : 0.2764753,
  "baseY" : 0.9694948
}