{
  "scale" : 0.6968198,
  "baseX" : 0.5346939,
  "baseY" : 0.9821229
}