{
  "scale" : 0.3623364,
  "baseX" : 0.550887,
  "baseY" : 0.9884226
}