{
  "scale" : 0.4495167,
  "baseX" : 0.5472249,
  "baseY" : 0.985829
}