{
  "scale" : 0.9399751,
  "baseX" : 0.4624329,
  "baseY" : 0.9743346
}