{
  "scale" : 0.5692626,
  "baseX" : 0.5143213,
  "baseY" : 0.973704
}