{
  "scale" : 1.112302,
  "baseX" : 0.7385525,
  "baseY" : 0.9709302
}