{
  "scale" : 0.5020225,
  "baseX" : 0.6492754,
  "baseY" : 0.9879925
}