{
  "scale" : 0.4982083,
  "baseX" : 0.5741029,
  "baseY" : 1.306499
}