{
  "scale" : 0.5034889,
  "baseX" : 0.7244791,
  "baseY" : 1.188052
}