{
  "scale" : 0.4951919,
  "baseX" : 0.3964968,
  "baseY" : 0.9751644
}