{
  "scale" : 0.5851766,
  "baseX" : 0.5593714,
  "baseY" : 0.9810056
}