{
  "scale" : 0.5851771,
  "baseX" : 0.3796642,
  "baseY" : 0.9814402
}