{
  "scale" : 0.5851772,
  "baseX" : 0.5277658,
  "baseY" : 0.9853878
}