{
  "scale" : 0.5851774,
  "baseX" : 0.4944036,
  "baseY" : 0.9685352
}