{
  "scale" : 0.5851775,
  "baseX" : 0.8325717,
  "baseY" : 0.9898267
}