{
  "scale" : 0.501018,
  "baseX" : 0.7126681,
  "baseY" : 0.9797385
}