{
  "scale" : 0.5010411,
  "baseX" : 0.7126681,
  "baseY" : 0.9797385
}