{
  "scale" : 0.8085094,
  "baseX" : 0.6186628,
  "baseY" : 1.038897
}