{
  "scale" : 0.5002892,
  "baseX" : 0.5140049,
  "baseY" : 0.9886851
}