{
  "scale" : 0.5005809,
  "baseX" : 0.5586011,
  "baseY" : 0.9740082
}