{
  "scale" : 1.567455,
  "baseX" : 0.2038835,
  "baseY" : 1.108772
}