{
  "scale" : 0.5114757,
  "baseX" : 0.5711974,
  "baseY" : 0.9791535
}