{
  "scale" : 0.5115175,
  "baseX" : 0.5711974,
  "baseY" : 0.9791535
}