{
  "scale" : 0.5041338,
  "baseX" : 0.5574855,
  "baseY" : 1.076456
}