{
  "scale" : 0.5597785,
  "baseX" : 0.8167916,
  "baseY" : 1.013619
}