{
  "scale" : 0.5375323,
  "baseX" : 0.677835,
  "baseY" : 0.9766667
}