{
  "scale" : 0.5212289,
  "baseX" : 0.5160533,
  "baseY" : 0.9722815
}