{
  "scale" : 0.5581772,
  "baseX" : 0.5247332,
  "baseY" : 1.002084
}