{
  "scale" : 0.6038979,
  "baseX" : 0.2858714,
  "baseY" : 0.9719298
}