{
  "scale" : 0.8486077,
  "baseX" : 0.5566167,
  "baseY" : 1.067859
}