{
  "scale" : 0.8485678,
  "baseX" : 0.5566167,
  "baseY" : 1.067859
}