{
  "scale" : 0.848608,
  "baseX" : 0.5566167,
  "baseY" : 1.067859
}