{
  "scale" : 0.5145248,
  "baseX" : 0.4755102,
  "baseY" : 0.9763889
}