{
  "scale" : 0.7086055,
  "baseX" : 0.6666667,
  "baseY" : 0.9782963
}