{
  "scale" : 0.6688929,
  "baseX" : 0.5882353,
  "baseY" : 1.045323
}