{
  "scale" : 0.6688928,
  "baseX" : 0.8295371,
  "baseY" : 1.163017
}