{
  "scale" : 2.645818,
  "baseX" : 0.8275862,
  "baseY" : 0.9852895
}