{
  "scale" : 2.645242,
  "baseX" : 0.8333333,
  "baseY" : 0.9852941
}