{
  "scale" : 0.6279867,
  "baseX" : 0.5160533,
  "baseY" : 0.9722815
}