{
  "scale" : 0.6996871,
  "baseX" : 0.3398693,
  "baseY" : 0.9710248
}