{
  "scale" : 0.5063308,
  "baseX" : 0.5337079,
  "baseY" : 0.9878572
}