{
  "scale" : 0.8707843,
  "baseX" : 0.5210527,
  "baseY" : 0.9738775
}