{
  "scale" : 0.8707611,
  "baseX" : 0.5210527,
  "baseY" : 0.9738775
}