{
  "scale" : 0.6676398,
  "baseX" : 0.3416615,
  "baseY" : 0.8950354
}