{
  "scale" : 1.039512,
  "baseX" : 0.5555019,
  "baseY" : 1.149378
}