{
  "scale" : 0.3995689,
  "baseX" : 0.5332629,
  "baseY" : 1.010352
}