{
  "scale" : 0.5,
  "baseX" : 0.5606184,
  "baseY" : 0.9728141
}