{
  "scale" : 0.5,
  "baseX" : 0.5769511,
  "baseY" : 0.9695252
}