{
  "scale" : 0.4168474,
  "baseX" : 0.5699278,
  "baseY" : 0.9701149
}