{
  "scale" : 0.4167631,
  "baseX" : 0.5699278,
  "baseY" : 0.9701149
}