{
  "scale" : 0.4187365,
  "baseX" : 0.5699278,
  "baseY" : 0.9701149
}