{
  "scale" : 0.5559974,
  "baseX" : 0.3433333,
  "baseY" : 0.978678
}