{
  "scale" : 0.5591111,
  "baseX" : 0.293125,
  "baseY" : 0.9763314
}