{
  "scale" : 1.321259,
  "baseX" : 0.7103912,
  "baseY" : 0.9813665
}