{
  "scale" : 1.11799,
  "baseX" : 0.4602564,
  "baseY" : 0.9533333
}