{
  "scale" : 0.6176941,
  "baseX" : 0.6943192,
  "baseY" : 0.976378
}