{
  "scale" : 0.5002933000000001,
  "baseX" : 0.4997579,
  "baseY" : 0.9898366
}