{
  "scale" : 0.5948436,
  "baseX" : 0.3777473,
  "baseY" : 0.9756839
}