{
  "scale" : 5.238615,
  "baseX" : 0.9049321,
  "baseY" : 0.9897078
}