{
  "scale" : 0.5020225,
  "baseX" : 0.6498135,
  "baseY" : 0.9887345
}