{
  "scale" : 0.6,
  "baseX" : 0.4949863,
  "baseY" : 0.9759475
}