{
  "scale" : 0.4989128,
  "baseX" : 0.4871795,
  "baseY" : 0.9869961
}