{
  "scale" : 0.4156056,
  "baseX" : 0.3222703,
  "baseY" : 0.9863309
}