{
  "scale" : 0.5022624,
  "baseX" : 0.4523008,
  "baseY" : 0.9763663
}