{
  "scale" : 0.6606285,
  "baseX" : 0.7105635,
  "baseY" : 0.9938907
}