{
  "scale" : 0.4945656,
  "baseX" : 0.6311361,
  "baseY" : 0.9802995
}