{
  "scale" : 0.4945656,
  "baseX" : 0.2511186,
  "baseY" : 0.9811023
}