{
  "scale" : 0.6069607,
  "baseX" : 0.371345,
  "baseY" : 0.9745485
}