{
  "scale" : 0.5005809,
  "baseX" : 0.5591296,
  "baseY" : 0.9740082
}