{
  "scale" : 0.5734127,
  "baseX" : 0.4962712,
  "baseY" : 1.16819
}