{
  "scale" : 0.5125327,
  "baseX" : 0.2505643,
  "baseY" : 0.9796187
}