{
  "scale" : 0.6164191,
  "baseX" : 0.3787798,
  "baseY" : 0.9714286
}