{
  "scale" : 0.6943908,
  "baseX" : 0.2867364,
  "baseY" : 0.9739351
}