{
  "scale" : 2.573889,
  "baseX" : 0.8566689,
  "baseY" : 0.9899083
}