{
  "scale" : 0.5421357,
  "baseX" : 0.7899846,
  "baseY" : 0.9749694
}