{
  "scale" : 0.581848,
  "baseX" : 0.3222703,
  "baseY" : 0.9863309
}