{
  "scale" : 0.4989892,
  "baseX" : 0.5242544,
  "baseY" : 0.9882162
}