{
  "scale" : 0.4913012,
  "baseX" : 0.3215797,
  "baseY" : 0.9662162
}