{
  "scale" : 0.6676371,
  "baseX" : 0.3596598,
  "baseY" : 0.9018692
}