{
  "scale" : 0.5776112,
  "baseX" : 0.3324468,
  "baseY" : 0.9785764
}