{
  "scale" : 2.645834,
  "baseX" : 0.8268371,
  "baseY" : 0.9865162
}