{
  "scale" : 2.645243,
  "baseX" : 0.8425197,
  "baseY" : 0.9865203
}