{
  "scale" : 0.5,
  "baseX" : 0.400787,
  "baseY" : 0.9891304
}