{
  "scale" : 0.6531749,
  "baseX" : 0.6096904,
  "baseY" : 1.035144
}