{
  "scale" : 0.463542,
  "baseX" : 0.3371728,
  "baseY" : 0.9815756
}