{
  "scale" : 2.574224,
  "baseX" : 0.5421531,
  "baseY" : 0.9815264
}