{
  "scale" : 2.57389,
  "baseX" : 0.8566689,
  "baseY" : 0.9893195
}