{
  "scale" : 0.7894813000000001,
  "baseX" : 0.3622589,
  "baseY" : 0.976506
}