{
  "scale" : 0.5002921,
  "baseX" : 0.6480305,
  "baseY" : 0.9880314
}