{
  "scale" : 0.4970629,
  "baseX" : 0.7824875,
  "baseY" : 0.9724928
}