{
  "scale" : 0.4609925,
  "baseX" : 0.3378926,
  "baseY" : 0.9798489
}