{
  "scale" : 0.500748,
  "baseX" : 0.5327199,
  "baseY" : 0.9777027
}