{
  "scale" : 0.5692649,
  "baseX" : 0.3745174,
  "baseY" : 0.973704
}