{
  "scale" : 0.569262,
  "baseX" : 0.3745174,
  "baseY" : 0.973704
}