{
  "scale" : 0.4983794,
  "baseX" : 0.6668354,
  "baseY" : 0.9351808
}