{
  "scale" : 0.4983788,
  "baseX" : 0.6594892,
  "baseY" : 0.9329268
}