{
  "scale" : 0.5116965999999999,
  "baseX" : 0.4769976,
  "baseY" : 0.986755
}