{
  "scale" : 0.8140939,
  "baseX" : 0.5430712,
  "baseY" : 0.9747226
}