{
  "scale" : 0.5775997,
  "baseX" : 0.2530447,
  "baseY" : 0.9785911
}