{
  "scale" : 0.4985245,
  "baseX" : 0.5297297,
  "baseY" : 1.265762
}