{
  "scale" : 0.4989767,
  "baseX" : 0.7629629,
  "baseY" : 1.283981
}