{
  "scale" : 0.4990543,
  "baseX" : 0.7629629,
  "baseY" : 1.283981
}