{
  "scale" : 0.4965365,
  "baseX" : 0.5297297,
  "baseY" : 1.265762
}