{
  "scale" : 0.4990852,
  "baseX" : 0.5377009,
  "baseY" : 1.280587
}