{
  "scale" : 0.4929914,
  "baseX" : 0.4852941,
  "baseY" : 0.9839243
}