{
  "scale" : 2.573849,
  "baseX" : 0.8583776,
  "baseY" : 0.9899206
}