{
  "scale" : 0.5031402,
  "baseX" : 0.4513181,
  "baseY" : 0.9813694
}