{
  "scale" : 0.5,
  "baseX" : 0.6005472,
  "baseY" : 0.9959584
}