{
  "scale" : 0.3910124,
  "baseX" : 0.3267375,
  "baseY" : 0.9863309
}