{
  "scale" : 0.500293,
  "baseX" : 0.5,
  "baseY" : 0.9894737
}