{
  "scale" : 0.6676375,
  "baseX" : 0.3646667,
  "baseY" : 0.9604262
}