{
  "scale" : 0.5002899,
  "baseX" : 0.4801865,
  "baseY" : 0.9895717
}