{
  "scale" : 0.4928126,
  "baseX" : 0.4280364,
  "baseY" : 0.9788733
}