{
  "scale" : 0.5263006,
  "baseX" : 0.4343856,
  "baseY" : 0.9905905
}