{
  "scale" : 0.4875088,
  "baseX" : 0.6052434,
  "baseY" : 0.9780298
}