{
  "scale" : 0.4956128,
  "baseX" : 0.7445231,
  "baseY" : 0.9870766
}