{
  "scale" : 0.5597709,
  "baseX" : 0.8171753,
  "baseY" : 1.013582
}