{
  "scale" : 0.5148605000000001,
  "baseX" : 0.4948778,
  "baseY" : 0.9786029
}