{
  "scale" : 1.617019,
  "baseX" : 0.6167954,
  "baseY" : 1.026279
}