{
  "scale" : 0.664969,
  "baseX" : 0.3222703,
  "baseY" : 0.9863211
}