{
  "scale" : 0.5733636,
  "baseX" : 0.4962712,
  "baseY" : 1.051015
}