{
  "scale" : 0.5,
  "baseX" : 0.2833973,
  "baseY" : 0.9780764
}