{
  "scale" : 0.5,
  "baseX" : 1.242494,
  "baseY" : 0.9966736
}