{
  "scale" : 0.5,
  "baseX" : 0.8431772,
  "baseY" : 0.9777619
}