{
  "scale" : 0.5,
  "baseX" : 1.027112,
  "baseY" : 0.9779766
}