{
  "scale" : 0.5,
  "baseX" : 0.5294118,
  "baseY" : 0.9579025
}