{
  "scale" : 0.5,
  "baseX" : 1.036246,
  "baseY" : 0.9687283
}