{
  "scale" : 0.5,
  "baseX" : 0.2703327,
  "baseY" : 0.8493544
}