{
  "scale" : 0.5,
  "baseX" : 0.3212149,
  "baseY" : 0.9794293
}