{
  "scale" : 0.4874483,
  "baseX" : 0.3932642,
  "baseY" : 0.9776012
}