{
  "scale" : 0.9807681,
  "baseX" : 0.7414716,
  "baseY" : 0.9837918
}