{
  "scale" : 0.5,
  "baseX" : 0.5345622,
  "baseY" : 0.9481996
}