{
  "scale" : 5.32051,
  "baseX" : 0.6784096,
  "baseY" : 0.7828447
}