{
  "scale" : 5.318531,
  "baseX" : 0.6504185,
  "baseY" : 0.7471637
}