{
  "scale" : 5.319376,
  "baseX" : 0.6781429,
  "baseY" : 0.7856746
}