{
  "scale" : 5.3204,
  "baseX" : 0.6571283,
  "baseY" : 0.7786976
}