{
  "scale" : 0.963526,
  "baseX" : 0.6044083,
  "baseY" : 0.9652376
}