{
  "scale" : 0.2222507,
  "baseX" : 0.5869388,
  "baseY" : 0.9916733
}