{
  "scale" : 0.2222528,
  "baseX" : 0.4889524,
  "baseY" : 0.9866722
}