{
  "scale" : 0.2222503,
  "baseX" : 0.4339111,
  "baseY" : 0.9912211
}