{
  "scale" : 0.2222495,
  "baseX" : 0.7895848,
  "baseY" : 0.9869707
}