{
  "scale" : 0.2222557,
  "baseX" : 0.6614522,
  "baseY" : 0.9871175
}