{
  "scale" : 0.3956316,
  "baseX" : 0.5160533,
  "baseY" : 0.9722815
}