{
  "scale" : 0.8311263,
  "baseX" : 0.6744994,
  "baseY" : 0.9813084
}