{
  "scale" : 0.5559974,
  "baseX" : 0.3856968,
  "baseY" : 0.9793447
}