{
  "scale" : 0.2455571,
  "baseX" : 0.5083909,
  "baseY" : 0.9869255
}