{
  "scale" : 0.2471158,
  "baseX" : 0.4878867,
  "baseY" : 0.9860465
}