{
  "scale" : 0.255261,
  "baseX" : 0.6924686,
  "baseY" : 0.9884704
}