{
  "scale" : 0.2463138,
  "baseX" : 0.5829255,
  "baseY" : 0.9875631
}