{
  "scale" : 0.8311598,
  "baseX" : 0.6802937,
  "baseY" : 0.9826733
}