{
  "scale" : 0.7987551000000001,
  "baseX" : 0.2856357,
  "baseY" : 0.9752266
}