{
  "scale" : 0.7232132,
  "baseX" : 0.8166318,
  "baseY" : 0.931687
}