{
  "scale" : 0.7230887,
  "baseX" : 0.8041595,
  "baseY" : 0.9815767
}