{
  "scale" : 0.7232563,
  "baseX" : 0.5261422,
  "baseY" : 0.9910714
}