{
  "scale" : 0.5674797,
  "baseX" : 0.3565217,
  "baseY" : 0.9760672
}