{
  "scale" : 0.3224431,
  "baseX" : 0.5191816,
  "baseY" : 2.244395
}