{
  "scale" : 0.322443,
  "baseX" : 0.5191816,
  "baseY" : 2.244395
}