{
  "scale" : 0.667639,
  "baseX" : 0.3629456,
  "baseY" : 0.8676943
}