{
  "scale" : 0.7597196000000001,
  "baseX" : 0.4841102,
  "baseY" : 1.001307
}