{
  "scale" : 0.7597195,
  "baseX" : 0.4841102,
  "baseY" : 1.001307
}