{
  "scale" : 0.7600952,
  "baseX" : 0.4882479,
  "baseY" : 1.002015
}