{
  "scale" : 0.7602413,
  "baseX" : 0.4887701,
  "baseY" : 1.001343
}