{
  "scale" : 2.645803,
  "baseX" : 0.5431862,
  "baseY" : 0.9858978
}