{
  "scale" : 2.645239,
  "baseX" : 0.8510067,
  "baseY" : 0.985589
}