{
  "scale" : 0.870741,
  "baseX" : 0.5376846,
  "baseY" : 0.9746732
}