{
  "scale" : 0.8707842,
  "baseX" : 0.5376846,
  "baseY" : 0.9746732
}