{
  "scale" : 0.6676358999999999,
  "baseX" : 0.3718791,
  "baseY" : 0.9629366
}