{
  "scale" : 1.134509,
  "baseX" : 0.7649587,
  "baseY" : 0.9890953
}