{
  "scale" : 0.6676472,
  "baseX" : 0.3625731,
  "baseY" : 0.8615592
}