{
  "scale" : 0.6602121,
  "baseX" : 0.7135718,
  "baseY" : 0.9911392
}