{
  "scale" : 0.2856782,
  "baseX" : 0.5839183,
  "baseY" : 1.346758
}