{
  "scale" : 0.2863531,
  "baseX" : 0.5158542,
  "baseY" : 1.36961
}