{
  "scale" : 0.282612,
  "baseX" : 0.6870886,
  "baseY" : 1.365686
}