{
  "scale" : 0.2854187,
  "baseX" : 0.5841785,
  "baseY" : 1.355302
}