{
  "scale" : 0.8928814,
  "baseX" : 0.5222073,
  "baseY" : 0.9756538
}