{
  "scale" : 0.892889,
  "baseX" : 0.5222073,
  "baseY" : 0.9756538
}