{
  "scale" : 1.168103,
  "baseX" : 0.6938202,
  "baseY" : 0.9723435
}