{
  "scale" : 1.1681,
  "baseX" : 0.4600262,
  "baseY" : 0.9756921
}