{
  "scale" : 1.1681,
  "baseX" : 0.8097826,
  "baseY" : 0.9834959
}