{
  "scale" : 1.168101,
  "baseX" : 0.6993151,
  "baseY" : 0.9741672
}