{
  "scale" : 1.168101,
  "baseX" : 0.7936508,
  "baseY" : 0.9734822
}