{
  "scale" : 1.168102,
  "baseX" : 0.7312845,
  "baseY" : 0.9737388
}