{
  "scale" : 2.57389,
  "baseX" : 0.8583776,
  "baseY" : 0.9905199
}