{
  "scale" : 0.4874178,
  "baseX" : 0.3933747,
  "baseY" : 0.9771429
}