{
  "scale" : 0.5972633000000001,
  "baseX" : 0.3615702,
  "baseY" : 0.972879
}