{
  "scale" : 0.6936067,
  "baseX" : 0.5466772,
  "baseY" : 0.9764622
}