{
  "scale" : 0.4976968,
  "baseX" : 0.3587933,
  "baseY" : 2.342736
}