{
  "scale" : 0.4977695,
  "baseX" : 0.3966705,
  "baseY" : 1.166003
}