{
  "scale" : 0.4975927,
  "baseX" : 0.9461656,
  "baseY" : 1.514563
}