{
  "scale" : 0.498096,
  "baseX" : 0.5128512,
  "baseY" : 1.147991
}