{
  "scale" : 0.4975932,
  "baseX" : 0.7198502,
  "baseY" : 1.154719
}