{
  "scale" : 0.4981591,
  "baseX" : 0.6419027,
  "baseY" : 3.791174
}