{
  "scale" : 0.498623,
  "baseX" : 0.6418338,
  "baseY" : 1.069122
}