{
  "scale" : 0.4980099,
  "baseX" : 0.634414,
  "baseY" : 1.079607
}