{
  "scale" : 1.000817,
  "baseX" : 0.5425532,
  "baseY" : 1.191329
}