{
  "scale" : 0.5014135,
  "baseX" : 0.4183751,
  "baseY" : 1.011526
}