{
  "scale" : 0.5014147,
  "baseX" : 0.4662669,
  "baseY" : 1.139379
}