{
  "scale" : 0.5014147,
  "baseX" : 0.5893958,
  "baseY" : 1.120442
}