{
  "scale" : 0.4624268,
  "baseX" : 0.3846154,
  "baseY" : 0.9776224
}