{
  "scale" : 0.5559974,
  "baseX" : 0.3860721,
  "baseY" : 0.9779673
}