{
  "scale" : 0.7095087,
  "baseX" : 0.3763048,
  "baseY" : 0.9735313
}